ma_xa;ten_xa;loai;ma_huyen;ten_huyen;dan_so;Income(mil. VND);pop_serve(after);pop_serve_air(after);%serve;LOS;;Income;;;;dan_so (person);Income (Mil. VND);LOS;;;;;;;;;;;;;;;;;;;;;;
22363;Lộc Thọ;Phường;568;Nha Trang;18268;131,865;18268;18268;100,0%;A;;higher-middle income;;;;18268;131,865;A;;;;;;;;;;;;;;;;;;;;;;
22336;Ngọc Hiệp;Phường;568;Nha Trang;22676;237,98;6852;7526;30,2%;F;;high-income;;;;22676;237,98;F;;;;;;;;;;;;;;;;;;;;;;
22405;Phước Đồng;Xã;568;Nha Trang;32299;97,7805;16000;17716;49,5%;F;;lower-middle income;;;;32299;97,7805;F;;;;;;;;;;;;;;;;;;;;;;
22357;Phước Hải;Phường;568;Nha Trang;17546;210,321;17084;17436;97,4%;A;;high-income;;;;17546;210,321;A;;;;;;;;;;;;;;;;;;;;;;
22372;Phước Hòa;Phường;568;Nha Trang;10820;173,568971428571;10551;10721;97,5%;A;;high-income;;;;10820;173,568971428571;A;;;;;;;;;;;;;;;;;;;;;;
22378;Phước Long;Phường;568;Nha Trang;34408;152,2995;31295;31810;91,0%;A;;higher-middle income;;;;34408;152,2995;A;;;;;;;;;;;;;;;;;;;;;;
22330;Vĩnh Hải;Phường;568;Nha Trang;27386;153,1555;25971;26513;94,8%;A;;higher-middle income;;;;27386;153,1555;A;;;;;;;;;;;;;;;;;;;;;;
22399;Vĩnh Hiệp;Xã;568;Nha Trang;17204;187,343333333333;12749;14160;74,1%;C;;high-income;;;;17204;187,343333333333;C;;;;;;;;;;;;;;;;;;;;;;
22327;Vĩnh Hòa;Phường;568;Nha Trang;28250;207,229;20616;21803;73,0%;C;;high-income;;;;28250;207,229;C;;;;;;;;;;;;;;;;;;;;;;
22384;Vĩnh Lương;Xã;568;Nha Trang;14288;102,799;5676;6725;39,7%;F;;higher-middle income;;;;14288;102,799;F;;;;;;;;;;;;;;;;;;;;;;
22390;Vĩnh Ngọc;Xã;568;Nha Trang;28941;114,992;3360;4030;11,6%;F;;higher-middle income;;;;28941;114,992;F;;;;;;;;;;;;;;;;;;;;;;
22375;Vĩnh Nguyên;Phường;568;Nha Trang;22309;88,007;17133;17470;76,8%;C;;low-income;;;;22309;88,007;C;;;;;;;;;;;;;;;;;;;;;;
22333;Vĩnh Phước;Phường;568;Nha Trang;17320;201,0902;16263;16263;93,9%;A;;high-income;;;;17320;201,0902;A;;;;;;;;;;;;;;;;;;;;;;
22387;Vĩnh Phương;Xã;568;Nha Trang;21845;182,663666666667;15374;16226;70,4%;C;;high-income;;;;21845;182,663666666667;C;;;;;;;;;;;;;;;;;;;;;;
22402;Vĩnh Thái;Xã;568;Nha Trang;11620;230,184;4154;4758;35,7%;F;;high-income;;;;11620;230,184;F;;;;;;;;;;;;;;;;;;;;;;
22393;Vĩnh Thạnh;Xã;568;Nha Trang;20925;203,89475;14671;15277;70,1%;C;;high-income;;;;20925;203,89475;C;;;;;;;;;;;;;;;;;;;;;;
22339;Vĩnh Thọ;Phường;568;Nha Trang;6363;173,568971428571;6354;6363;99,9%;A;;high-income;;;;6363;173,568971428571;A;;;;;;;;;;;;;;;;;;;;;;
22396;Vĩnh Trung;Xã;568;Nha Trang;11677;173,568971428571;8575;9628;73,4%;C;;high-income;;;;11677;173,568971428571;C;;;;;;;;;;;;;;;;;;;;;;
22381;Vĩnh Trường;Phường;568;Nha Trang;14479;43,44675;13152;14048;90,8%;A;;low-income;;;;14479;43,44675;A;;;;;;;;;;;;;;;;;;;;;;
22366;Tân Tiến;Phường;568;Nha Trang;29809;119,340333333333;29809;29809;100,0%;A;;higher-middle income;;;;29809;119,340333333333;A;;;;;;;;;;;;;;;;;;;;;;
22348;Vạn Thạnh;Phường;568;Nha Trang;23787;411,409;23782;23787;100,0%;A;;high-income;;;;23787;411,409;A;;;;;;;;;;;;;;;;;;;;;;
22351;Phương Sài;Phường;568;Nha Trang;14015;210,187;12911;13329;92,1%;A;;high-income;;;;14015;210,187;A;;;;;;;;;;;;;;;;;;;;;;
22423;Ba Ngòi;Phường;569;Cam Ranh;10229;90,7836;7739;8038;75,7%;C;;low-income;;;;10229;90,7836;C;;;;;;;;;;;;;;;;;;;;;;
22486;Cam Bình;Xã;569;Cam Ranh;1768;90,7836;0;0;0,0%;F;;low-income;;;;1768;90,7836;F;;;;;;;;;;;;;;;;;;;;;;
22483;Cam Lập;Xã;569;Cam Ranh;1332;90,7836;0;0;0,0%;F;;low-income;;;;1332;90,7836;F;;;;;;;;;;;;;;;;;;;;;;
22432;Cam Linh;Phường;569;Cam Ranh;13810;90,7836;891;891;6,5%;F;;low-income;;;;13810;90,7836;F;;;;;;;;;;;;;;;;;;;;;;
22417;Cam Lộc;Phường;569;Cam Ranh;8542;90,7836;5680;5665;66,5%;D;;low-income;;;;8542;90,7836;D;;;;;;;;;;;;;;;;;;;;;;
22429;Cam Lợi;Phường;569;Cam Ranh;10368;90,7836;8406;8406;81,1%;B;;low-income;;;;10368;90,7836;B;;;;;;;;;;;;;;;;;;;;;;
22408;Cam Nghĩa;Phường;569;Cam Ranh;24882;90,7836;8652;10074;34,8%;F;;low-income;;;;24882;90,7836;F;;;;;;;;;;;;;;;;;;;;;;
22420;Cam Phú;Phường;569;Cam Ranh;11904;90,7836;9491;10399;79,7%;C;;low-income;;;;11904;90,7836;C;;;;;;;;;;;;;;;;;;;;;;
22411;Cam Phúc Bắc;Phường;569;Cam Ranh;11514;70,3945;7419;7970;64,4%;D;;low-income;;;;11514;70,3945;D;;;;;;;;;;;;;;;;;;;;;;
22414;Cam Phúc Nam;Phường;569;Cam Ranh;7452;90,7836;5987;6105;80,3%;B;;low-income;;;;7452;90,7836;B;;;;;;;;;;;;;;;;;;;;;;
22474;Cam Phước Đông;Xã;569;Cam Ranh;9808;91,7376666666667;4141;4487;42,2%;F;;lower-middle income;;;;9808;91,7376666666667;F;;;;;;;;;;;;;;;;;;;;;;
22468;Cam Thành Nam;Xã;569;Cam Ranh;4799;90,7836;0;0;0,0%;F;;low-income;;;;4799;90,7836;F;;;;;;;;;;;;;;;;;;;;;;
22480;Cam Thịnh Đông;Xã;569;Cam Ranh;7459;90,7836;0;0;0,0%;F;;low-income;;;;7459;90,7836;F;;;;;;;;;;;;;;;;;;;;;;
22477;Cam Thịnh Tây;Xã;569;Cam Ranh;1964;90,7836;0;0;0,0%;F;;low-income;;;;1964;90,7836;F;;;;;;;;;;;;;;;;;;;;;;
22426;Cam Thuận;Phường;569;Cam Ranh;12947;117,015;7656;7704;59,1%;E;;higher-middle income;;;;12947;117,015;E;;;;;;;;;;;;;;;;;;;;;;
22465;Cam An Bắc;Xã;570;Cam Lâm;5206;147,8500625;0;0;0,0%;F;;higher-middle income;;;;5206;147,8500625;F;;;;;;;;;;;;;;;;;;;;;;
22471;Cam An Nam;Xã;570;Cam Lâm;5027;147,8500625;3572;3572;71,1%;C;;higher-middle income;;;;5027;147,8500625;C;;;;;;;;;;;;;;;;;;;;;;
22453;Cam Đức;Thị trấn;570;Cam Lâm;18118;113,47325;9980;11131;55,1%;E;;higher-middle income;;;;18118;113,47325;E;;;;;;;;;;;;;;;;;;;;;;
22441;Cam Hải Đông;Xã;570;Cam Lâm;7521;182,885;2273;2335;30,2%;F;;high-income;;;;7521;182,885;F;;;;;;;;;;;;;;;;;;;;;;
22444;Cam Hải Tây;Xã;570;Cam Lâm;6857;147,8500625;1105;1105;16,1%;F;;higher-middle income;;;;6857;147,8500625;F;;;;;;;;;;;;;;;;;;;;;;
22450;Cam Hiệp Bắc;Xã;570;Cam Lâm;3303;147,8500625;1998;2082;60,5%;D;;higher-middle income;;;;3303;147,8500625;D;;;;;;;;;;;;;;;;;;;;;;
22456;Cam Hiệp Nam;Xã;570;Cam Lâm;5995;147,8500625;4551;4551;75,9%;C;;higher-middle income;;;;5995;147,8500625;C;;;;;;;;;;;;;;;;;;;;;;
22438;Cam Hòa;Xã;570;Cam Lâm;13394;218,695666666667;5186;5633;38,7%;F;;high-income;;;;13394;218,695666666667;F;;;;;;;;;;;;;;;;;;;;;;
22459;Cam Phước Tây;Xã;570;Cam Lâm;5581;65,522;2243;2334;40,2%;F;;low-income;;;;5581;65,522;F;;;;;;;;;;;;;;;;;;;;;;
22435;Cam Tân;Xã;570;Cam Lâm;6882;147,8500625;742;754;10,8%;F;;higher-middle income;;;;6882;147,8500625;F;;;;;;;;;;;;;;;;;;;;;;
22462;Cam Thành Bắc;Xã;570;Cam Lâm;16801;143,9805;8996;10529;53,5%;E;;higher-middle income;;;;16801;143,9805;E;;;;;;;;;;;;;;;;;;;;;;
22447;Sơn Tân;Xã;570;Cam Lâm;407;147,8500625;0;0;0,0%;F;;higher-middle income;;;;407;147,8500625;F;;;;;;;;;;;;;;;;;;;;;;
22708;Suối Cát;Xã;570;Cam Lâm;8274;147,8500625;2500;3045;30,2%;F;;higher-middle income;;;;8274;147,8500625;F;;;;;;;;;;;;;;;;;;;;;;
22711;Suối Tân;Xã;570;Cam Lâm;10813;147,8500625;3749;4606;34,7%;F;;higher-middle income;;;;10813;147,8500625;F;;;;;;;;;;;;;;;;;;;;;;
22492;Đại Lãnh;Xã;571;Vạn Ninh;6501;100,748708333333;4726;4935;72,7%;C;;higher-middle income;;;;6501;100,748708333333;C;;;;;;;;;;;;;;;;;;;;;;
22501;Vạn Bình;Xã;571;Vạn Ninh;7705;129,815125;2224;2769;28,9%;F;;higher-middle income;;;;7705;129,815125;F;;;;;;;;;;;;;;;;;;;;;;
22489;Vạn Giã;Thị trấn;571;Vạn Ninh;24299;87,904;21935;21853;90,3%;A;;low-income;;;;24299;87,904;A;;;;;;;;;;;;;;;;;;;;;;
22525;Vạn Hưng;Xã;571;Vạn Ninh;14351;100,748708333333;8371;8954;58,3%;E;;higher-middle income;;;;14351;100,748708333333;E;;;;;;;;;;;;;;;;;;;;;;
22507;Vạn Khánh;Xã;571;Vạn Ninh;7916;100,748708333333;498;571;6,3%;F;;higher-middle income;;;;7916;100,748708333333;F;;;;;;;;;;;;;;;;;;;;;;
22498;Vạn Long;Xã;571;Vạn Ninh;8081;100,748708333333;1236;1236;15,3%;F;;higher-middle income;;;;8081;100,748708333333;F;;;;;;;;;;;;;;;;;;;;;;
22513;Vạn Lương;Xã;571;Vạn Ninh;16857;100,748708333333;9688;10509;57,5%;E;;higher-middle income;;;;16857;100,748708333333;E;;;;;;;;;;;;;;;;;;;;;;
22510;Vạn Phú;Xã;571;Vạn Ninh;13541;102,121571428571;2170;2496;16,0%;F;;higher-middle income;;;;13541;102,121571428571;F;;;;;;;;;;;;;;;;;;;;;;
22495;Vạn Phước;Xã;571;Vạn Ninh;5588;100,748708333333;774;811;13,9%;F;;higher-middle income;;;;5588;100,748708333333;F;;;;;;;;;;;;;;;;;;;;;;
22519;Vạn Thạnh;Xã;571;Vạn Ninh;4486;100,748708333333;936;1069;20,9%;F;;higher-middle income;;;;4486;100,748708333333;F;;;;;;;;;;;;;;;;;;;;;;
22516;Vạn Thắng;Xã;571;Vạn Ninh;18592;100,748708333333;949;1084;5,1%;F;;higher-middle income;;;;18592;100,748708333333;F;;;;;;;;;;;;;;;;;;;;;;
22504;Vạn Thọ;Xã;571;Vạn Ninh;5424;62,5962;4155;4859;76,6%;C;;low-income;;;;5424;62,5962;C;;;;;;;;;;;;;;;;;;;;;;
22522;Xuân Sơn;Xã;571;Vạn Ninh;3495;100,748708333333;0;0;0,0%;F;;higher-middle income;;;;3495;100,748708333333;F;;;;;;;;;;;;;;;;;;;;;;
22540;Ninh An;Xã;572;Ninh Hòa;14404;136,014666666667;2997;3535;20,8%;F;;higher-middle income;;;;14404;136,014666666667;F;;;;;;;;;;;;;;;;;;;;;;
22576;Ninh Bình;Xã;572;Ninh Hòa;13347;98,343125;3645;4142;27,3%;F;;lower-middle income;;;;13347;98,343125;F;;;;;;;;;;;;;;;;;;;;;;
22561;Ninh Diêm;Phường;572;Ninh Hòa;10999;98,343125;9253;9340;84,1%;B;;lower-middle income;;;;10999;98,343125;B;;;;;;;;;;;;;;;;;;;;;;
22570;Ninh Đa;Phường;572;Ninh Hòa;10956;140,024;6647;6837;60,7%;D;;higher-middle income;;;;10956;140,024;D;;;;;;;;;;;;;;;;;;;;;;
22564;Ninh Đông;Xã;572;Ninh Hòa;4995;95,37925;5;5;0,1%;F;;lower-middle income;;;;4995;95,37925;F;;;;;;;;;;;;;;;;;;;;;;
22591;Ninh Giang;Phường;572;Ninh Hòa;9269;98,343125;3602;3623;38,9%;F;;lower-middle income;;;;9269;98,343125;F;;;;;;;;;;;;;;;;;;;;;;
22594;Ninh Hà;Phường;572;Ninh Hòa;6095;98,343125;1108;1315;18,2%;F;;lower-middle income;;;;6095;98,343125;F;;;;;;;;;;;;;;;;;;;;;;
22543;Ninh Hải;Phường;572;Ninh Hòa;6870;98,343125;2977;3033;43,3%;F;;lower-middle income;;;;6870;98,343125;F;;;;;;;;;;;;;;;;;;;;;;
22528;Ninh Hiệp;Phường;572;Ninh Hòa;24858;89,3736666666667;21638;22564;87,0%;B;;low-income;;;;24858;89,3736666666667;B;;;;;;;;;;;;;;;;;;;;;;
22597;Ninh Hưng;Xã;572;Ninh Hòa;5791;149,8946;948;1014;16,4%;F;;higher-middle income;;;;5791;149,8946;F;;;;;;;;;;;;;;;;;;;;;;
22603;Ninh Ích;Xã;572;Ninh Hòa;6271;74,797;1433;1639;22,9%;F;;low-income;;;;6271;74,797;F;;;;;;;;;;;;;;;;;;;;;;
22600;Ninh Lộc;Xã;572;Ninh Hòa;6258;117,322333333333;2234;2547;35,7%;F;;higher-middle income;;;;6258;117,322333333333;F;;;;;;;;;;;;;;;;;;;;;;
22582;Ninh Phú;Xã;572;Ninh Hòa;5448;98,343125;138;154;2,5%;F;;lower-middle income;;;;5448;98,343125;F;;;;;;;;;;;;;;;;;;;;;;
22573;Ninh Phụng;Xã;572;Ninh Hòa;13035;98,343125;8558;9235;65,7%;D;;lower-middle income;;;;13035;98,343125;D;;;;;;;;;;;;;;;;;;;;;;
22588;Ninh Quang;Xã;572;Ninh Hòa;13348;98,343125;3037;3163;22,8%;F;;lower-middle income;;;;13348;98,343125;F;;;;;;;;;;;;;;;;;;;;;;
22552;Ninh Sim;Xã;572;Ninh Hòa;11645;43,1713333333333;7249;8026;62,2%;D;;low-income;;;;11645;43,1713333333333;D;;;;;;;;;;;;;;;;;;;;;;
22531;Ninh Sơn;Xã;572;Ninh Hòa;6581;98,343125;0;0;0,0%;F;;lower-middle income;;;;6581;98,343125;F;;;;;;;;;;;;;;;;;;;;;;
22585;Ninh Tân;Xã;572;Ninh Hòa;3656;98,343125;1777;1984;48,6%;F;;lower-middle income;;;;3656;98,343125;F;;;;;;;;;;;;;;;;;;;;;;
22534;Ninh Tây;Xã;572;Ninh Hòa;5767;98,343125;1958;2259;34,0%;F;;lower-middle income;;;;5767;98,343125;F;;;;;;;;;;;;;;;;;;;;;;
22558;Ninh Thân;Xã;572;Ninh Hòa;7723;98,343125;1399;1486;18,1%;F;;lower-middle income;;;;7723;98,343125;F;;;;;;;;;;;;;;;;;;;;;;
22546;Ninh Thọ;Xã;572;Ninh Hòa;8137;98,343125;2334;2692;28,7%;F;;lower-middle income;;;;8137;98,343125;F;;;;;;;;;;;;;;;;;;;;;;
22567;Ninh Thủy;Phường;572;Ninh Hòa;10700;98,343125;5852;6172;54,7%;E;;lower-middle income;;;;10700;98,343125;E;;;;;;;;;;;;;;;;;;;;;;
22537;Ninh Thượng;Xã;572;Ninh Hòa;6380;98,343125;2694;2712;42,2%;F;;lower-middle income;;;;6380;98,343125;F;;;;;;;;;;;;;;;;;;;;;;
22549;Ninh Trung;Xã;572;Ninh Hòa;5905;98,343125;883;1032;15,0%;F;;lower-middle income;;;;5905;98,343125;F;;;;;;;;;;;;;;;;;;;;;;
22555;Ninh Xuân;Xã;572;Ninh Hòa;14109;98,343125;7586;8222;53,8%;E;;lower-middle income;;;;14109;98,343125;E;;;;;;;;;;;;;;;;;;;;;;
22606;Ninh Phước;Xã;572;Ninh Hòa;9456;98,343125;976;1009;10,3%;F;;lower-middle income;;;;9456;98,343125;F;;;;;;;;;;;;;;;;;;;;;;
22636;Cầu Bà;Xã;573;Khánh Vĩnh;1989;35,6118571428571;1301;1379;65,4%;D;;low-income;;;;1989;35,6118571428571;D;;;;;;;;;;;;;;;;;;;;;;
22633;Giang Ly;Xã;573;Khánh Vĩnh;991;35,6118571428571;160;195;16,1%;F;;low-income;;;;991;35,6118571428571;F;;;;;;;;;;;;;;;;;;;;;;
22615;Khánh Bình;Xã;573;Khánh Vĩnh;5872;35,6118571428571;3560;4020;60,6%;D;;low-income;;;;5872;35,6118571428571;D;;;;;;;;;;;;;;;;;;;;;;
22621;Khánh Đông;Xã;573;Khánh Vĩnh;3436;35,6118571428571;1191;1513;34,7%;F;;low-income;;;;3436;35,6118571428571;F;;;;;;;;;;;;;;;;;;;;;;
22612;Khánh Hiệp;Xã;573;Khánh Vĩnh;4659;35,6118571428571;0;0;0,0%;F;;low-income;;;;4659;35,6118571428571;F;;;;;;;;;;;;;;;;;;;;;;
22627;Khánh Nam;Xã;573;Khánh Vĩnh;2479;35,6118571428571;42;50;1,7%;F;;low-income;;;;2479;35,6118571428571;F;;;;;;;;;;;;;;;;;;;;;;
22645;Khánh Phú;Xã;573;Khánh Vĩnh;3065;35,6118571428571;0;0;0,0%;F;;low-income;;;;3065;35,6118571428571;F;;;;;;;;;;;;;;;;;;;;;;
22642;Khánh Thành;Xã;573;Khánh Vĩnh;1548;32,312;126;138;8,1%;F;;low-income;;;;1548;32,312;F;;;;;;;;;;;;;;;;;;;;;;
22624;Khánh Thượng;Xã;573;Khánh Vĩnh;1859;35,6118571428571;31;33;1,7%;F;;low-income;;;;1859;35,6118571428571;F;;;;;;;;;;;;;;;;;;;;;;
22618;Khánh Trung;Xã;573;Khánh Vĩnh;3060;35,6118571428571;0;0;0,0%;F;;low-income;;;;3060;35,6118571428571;F;;;;;;;;;;;;;;;;;;;;;;
22609;Khánh Vĩnh;Thị trấn;573;Khánh Vĩnh;7515;38,08675;2511;2519;33,4%;F;;low-income;;;;7515;38,08675;F;;;;;;;;;;;;;;;;;;;;;;
22639;Liên Sang;Xã;573;Khánh Vĩnh;1636;35,6118571428571;1257;1332;76,8%;C;;low-income;;;;1636;35,6118571428571;C;;;;;;;;;;;;;;;;;;;;;;
22630;Sông Cầu;Xã;573;Khánh Vĩnh;2198;35,6118571428571;140;150;6,4%;F;;low-income;;;;2198;35,6118571428571;F;;;;;;;;;;;;;;;;;;;;;;
22648;Sơn Thái;Xã;573;Khánh Vĩnh;1684;35,6118571428571;689;861;40,9%;F;;low-income;;;;1684;35,6118571428571;F;;;;;;;;;;;;;;;;;;;;;;
22696;Bình Lộc;Xã;574;Diên Khánh;5943;193,294111111111;705;705;11,9%;F;;high-income;;;;5943;193,294111111111;F;;;;;;;;;;;;;;;;;;;;;;
22693;Diên An;Xã;574;Diên Khánh;11886;232,93236;6268;7241;52,7%;E;;high-income;;;;11886;232,93236;E;;;;;;;;;;;;;;;;;;;;;;
22657;Diên Điền;Xã;574;Diên Khánh;10051;232,93236;2096;2164;20,9%;F;;high-income;;;;10051;232,93236;F;;;;;;;;;;;;;;;;;;;;;;
22684;Diên Hòa;Xã;574;Diên Khánh;5382;134,5655;1981;2104;36,8%;F;;higher-middle income;;;;5382;134,5655;F;;;;;;;;;;;;;;;;;;;;;;
22651;Diên Khánh;Thị trấn;574;Diên Khánh;21491;232,93236;20893;21307;97,2%;A;;high-income;;;;21491;232,93236;A;;;;;;;;;;;;;;;;;;;;;;
22678;Diên Lạc;Xã;574;Diên Khánh;9590;232,93236;8401;8666;87,6%;B;;high-income;;;;9590;232,93236;B;;;;;;;;;;;;;;;;;;;;;;
22654;Diên Lâm;Xã;574;Diên Khánh;5901;232,93236;3053;3188;51,7%;E;;high-income;;;;5901;232,93236;E;;;;;;;;;;;;;;;;;;;;;;
22669;Diên Phú;Xã;574;Diên Khánh;12718;232,93236;6135;7092;48,2%;F;;high-income;;;;12718;232,93236;F;;;;;;;;;;;;;;;;;;;;;;
22675;Diên Phước;Xã;574;Diên Khánh;6536;232,93236;4507;4571;69,0%;D;;high-income;;;;6536;232,93236;D;;;;;;;;;;;;;;;;;;;;;;
22663;Diên Sơn;Xã;574;Diên Khánh;14329;232,93236;6992;6999;48,8%;F;;high-income;;;;14329;232,93236;F;;;;;;;;;;;;;;;;;;;;;;
22681;Diên Tân;Xã;574;Diên Khánh;2746;232,93236;0;0;0,0%;F;;high-income;;;;2746;232,93236;F;;;;;;;;;;;;;;;;;;;;;;
22687;Diên Thạnh;Xã;574;Diên Khánh;7612;232,93236;6862;6919;90,1%;A;;high-income;;;;7612;232,93236;A;;;;;;;;;;;;;;;;;;;;;;
22672;Diên Thọ;Xã;574;Diên Khánh;4929;326,4806;1056;1248;21,4%;F;;high-income;;;;4929;326,4806;F;;;;;;;;;;;;;;;;;;;;;;
22690;Diên Toàn;Xã;574;Diên Khánh;6513;232,93236;5076;5076;77,9%;C;;high-income;;;;6513;232,93236;C;;;;;;;;;;;;;;;;;;;;;;
22702;Suối Hiệp;Xã;574;Diên Khánh;9983;140,297;7014;8111;70,3%;C;;higher-middle income;;;;9983;140,297;C;;;;;;;;;;;;;;;;;;;;;;
22705;Suối Tiên;Xã;574;Diên Khánh;4114;232,93236;0;0;0,0%;F;;high-income;;;;4114;232,93236;F;;;;;;;;;;;;;;;;;;;;;;
22660;Xuân Đồng;Xã;574;Diên Khánh;8639;232,93236;1754;1816;20,3%;F;;high-income;;;;8639;232,93236;F;;;;;;;;;;;;;;;;;;;;;;
22732;Ba Cụm Bắc;Xã;575;Khánh Sơn;4325;156,976324074074;2037;2278;47,1%;F;;higher-middle income;;;;4325;156,976324074074;F;;;;;;;;;;;;;;;;;;;;;;
22735;Ba Cụm Nam;Xã;575;Khánh Sơn;1342;156,976324074074;0;0;0,0%;F;;higher-middle income;;;;1342;156,976324074074;F;;;;;;;;;;;;;;;;;;;;;;
22726;Sơn Bình;Xã;575;Khánh Sơn;3380;156,976324074074;0;0;0,0%;F;;higher-middle income;;;;3380;156,976324074074;F;;;;;;;;;;;;;;;;;;;;;;
22723;Sơn Hiệp;Xã;575;Khánh Sơn;2156;156,976324074074;0;0;0,0%;F;;higher-middle income;;;;2156;156,976324074074;F;;;;;;;;;;;;;;;;;;;;;;
22720;Sơn Lâm;Xã;575;Khánh Sơn;3289;156,976324074074;0;0;0,0%;F;;higher-middle income;;;;3289;156,976324074074;F;;;;;;;;;;;;;;;;;;;;;;
22729;Sơn Trung;Xã;575;Khánh Sơn;2873;156,976324074074;60;67;2,1%;F;;higher-middle income;;;;2873;156,976324074074;F;;;;;;;;;;;;;;;;;;;;;;
22717;Thành Sơn;Xã;575;Khánh Sơn;2263;156,976324074074;0;0;0,0%;F;;higher-middle income;;;;2263;156,976324074074;F;;;;;;;;;;;;;;;;;;;;;;
22714;Tô Hạp;Thị trấn;575;Khánh Sơn;7204;156,976324074074;1978;2119;27,5%;F;;higher-middle income;;;;7204;156,976324074074;F;;;;;;;;;;;;;;;;;;;;;;